### \rho \sigma^3; Z_{MD}# 
0.1 1.239724
0.15 1.385949
0.2 1.55361
0.25 1.74628
0.3 1.96824
0.35 2.2246
0.4 2.52164
0.45 2.86682
0.5 3.26936
0.55 3.7407
0.6 4.2949
0.65 4.94967
0.675 5.3214
0.7 5.7268
0.7 5.727
0.725 6.17
0.75 6.6552
0.75 6.65505
0.775 7.1865
0.8 7.7699
0.8 7.7697
0.825 8.4118
0.85 9.1186
